<?xml version="1.0" encoding="UTF-8"?>
<!DOCTYPE mapper PUBLIC "-//mybatis.org//DTD Mapper 3.0//EN" "http://mybatis.org/dtd/mybatis-3-mapper.dtd">
<mapper namespace="com.md.mybatisplus.t.mapper.LocalTestMapper">

    <!--<select id="getAll" resultType="com.md.mybatisplus.t.entity.LocalTest">-->
    <!--select * from testbygo-->
    <!--</select>-->



<!--    <resultMap id="a" type="com.md.mybatisplus.t.entity.LocalTest">-->
<!--        <result property="id" column="id"/>-->
<!--        <result property="name" column="name"/>-->
<!--    </resultMap>-->

<!--    <select id="getAll" resultMap="a">-->
<!--        select * from testbygo-->
<!--    </select>-->



</mapper>
